{
  "IcoMoonType": "selection",
  "icons": [
    {
      "icon": {
        "paths": [
          "M1860.722 898.389l-80.441 80.441-813.17-813.056-813.056 813.056-80.441-80.441 893.497-893.497 893.611 893.497z"
        ],
        "attrs": [
          {
            "fill": "rgb(255, 255, 255)"
          }
        ],
        "width": 1934,
        "isMulticolor": false,
        "isMulticolor2": false,
        "grid": 0,
        "tags": [
          "angle-up"
        ],
        "colorPermutations": {
          "17816012552552551": [
            {
              "f": 1
            }
          ]
        }
      },
      "attrs": [
        {
          "fill": "rgb(255, 255, 255)"
        }
      ],
      "properties": {
        "order": 76,
        "id": 14,
        "name": "angle-up",
        "prevSize": 32
      },
      "setIdx": 0,
      "setId": 3,
      "iconIdx": 0
    },
    {
      "icon": {
        "paths": [
          "M1019.026 544.212h-869.083l417.499 419.577-48.011 48.274-499.536-501.965 499.595-502.053 48.040 48.274-417.587 419.635h869.083v68.257z"
        ],
        "attrs": [
          {}
        ],
        "isMulticolor": false,
        "isMulticolor2": false,
        "grid": 0,
        "tags": [
          "arrow-left"
        ],
        "colorPermutations": {
          "17816012552552551": [
            {}
          ]
        }
      },
      "attrs": [
        {}
      ],
      "properties": {
        "order": 77,
        "id": 13,
        "name": "arrow-left",
        "prevSize": 32
      },
      "setIdx": 0,
      "setId": 3,
      "iconIdx": 1
    },
    {
      "icon": {
        "paths": [
          "M999.131 510.098l-499.624 502.023-48.040-48.274 417.499-419.547h-868.966v-68.286h869.083l-417.587-419.694 48.011-48.274 499.595 502.053z"
        ],
        "attrs": [
          {}
        ],
        "isMulticolor": false,
        "isMulticolor2": false,
        "grid": 0,
        "tags": [
          "arrow-right"
        ],
        "colorPermutations": {
          "17816012552552551": [
            {}
          ]
        }
      },
      "attrs": [
        {}
      ],
      "properties": {
        "order": 78,
        "id": 12,
        "name": "arrow-right",
        "prevSize": 32
      },
      "setIdx": 0,
      "setId": 3,
      "iconIdx": 2
    },
    {
      "icon": {
        "paths": [
          "M512 121.905c214.552 0 390.095 175.543 390.095 390.095s-175.543 390.095-390.095 390.095-390.095-175.543-390.095-390.095 175.543-390.095 390.095-390.095zM512 0c-282.819 0-512 229.181-512 512s229.181 512 512 512 512-229.181 512-512-229.181-512-512-512z"
        ],
        "attrs": [
          {
            "fill": "rgb(0, 178, 160)"
          }
        ],
        "isMulticolor": false,
        "isMulticolor2": false,
        "grid": 0,
        "tags": [
          "logo"
        ],
        "colorPermutations": {
          "17816012552552551": [
            {
              "f": 0
            }
          ]
        }
      },
      "attrs": [
        {
          "fill": "rgb(0, 178, 160)"
        }
      ],
      "properties": {
        "order": 79,
        "id": 10,
        "name": "logo",
        "prevSize": 32
      },
      "setIdx": 0,
      "setId": 3,
      "iconIdx": 3
    },
    {
      "icon": {
        "paths": [
          "M955.556 733.798v-614.154h-887.153v614.154h426.496v136.479h-119.439v34.12h272.978v-34.12h-119.439v-136.479h426.557zM102.564 153.723h818.872v545.935h-818.872v-545.935z"
        ],
        "attrs": [
          {
            "fill": "rgb(0, 178, 160)"
          }
        ],
        "isMulticolor": false,
        "isMulticolor2": false,
        "grid": 0,
        "tags": [
          "monitor"
        ],
        "colorPermutations": {
          "17816012552552551": [
            {
              "f": 0
            }
          ]
        }
      },
      "attrs": [
        {
          "fill": "rgb(0, 178, 160)"
        }
      ],
      "properties": {
        "order": 80,
        "id": 9,
        "name": "monitor",
        "prevSize": 32
      },
      "setIdx": 0,
      "setId": 3,
      "iconIdx": 4
    },
    {
      "icon": {
        "paths": [
          "M309.581 333.395c39.456 0 71.442-31.986 71.442-71.442s-31.986-71.442-71.442-71.442v0c-39.456 0-71.442 31.986-71.442 71.442s31.986 71.442 71.442 71.442v0z",
          "M309.581 23.814c157.825 0 285.767 127.942 285.767 285.767v404.837c0 157.825-127.942 285.767-285.767 285.767s-285.767-127.942-285.767-285.767v-404.837c0-157.825 127.942-285.767 285.767-285.767z"
        ],
        "attrs": [
          {
            "fill": "rgb(255, 255, 255)"
          },
          {
            "fill": "none",
            "stroke": "rgb(255, 255, 255)",
            "strokeLinejoin": "miter",
            "strokeLinecap": "butt",
            "strokeMiterlimit": "4",
            "strokeWidth": 47.627906976744185
          }
        ],
        "width": 619,
        "isMulticolor": false,
        "isMulticolor2": true,
        "grid": 0,
        "tags": [
          "mouse"
        ],
        "colorPermutations": {
          "17816012552552551": [
            {
              "f": 1
            },
            {
              "s": 1
            }
          ]
        }
      },
      "attrs": [
        {
          "fill": "rgb(255, 255, 255)"
        },
        {
          "fill": "none",
          "stroke": "rgb(255, 255, 255)",
          "strokeLinejoin": "miter",
          "strokeLinecap": "butt",
          "strokeMiterlimit": "4",
          "strokeWidth": 47.627906976744185
        }
      ],
      "properties": {
        "order": 81,
        "id": 8,
        "name": "mouse",
        "prevSize": 32
      },
      "setIdx": 0,
      "setId": 3,
      "iconIdx": 5
    },
    {
      "icon": {
        "paths": [
          "M48.018 83.7l721.195 420.675-721.195 420.691v-841.366zM0 0.047v1008.624l864.524-504.328-864.524-504.296z"
        ],
        "attrs": [
          {
            "fill": "rgb(255, 255, 255)"
          }
        ],
        "width": 866,
        "isMulticolor": false,
        "isMulticolor2": false,
        "grid": 0,
        "tags": [
          "play"
        ],
        "colorPermutations": {
          "17816012552552551": [
            {
              "f": 1
            }
          ]
        }
      },
      "attrs": [
        {
          "fill": "rgb(255, 255, 255)"
        }
      ],
      "properties": {
        "order": 82,
        "id": 7,
        "name": "play",
        "prevSize": 32
      },
      "setIdx": 0,
      "setId": 3,
      "iconIdx": 6
    },
    {
      "icon": {
        "paths": [
          "M845.079 312.692l-30.403 30.422c-63.339-55.558-146.853-89.487-238.291-89.591l-0.022-0c-59.169 0-118.3 15.211-169.016 42.245l128.447-128.447c10.147 6.758 21.969 10.147 33.811 10.147 16.887 0 33.811-6.758 47.309-20.294 12.512-12.241 20.27-29.297 20.27-48.165s-7.758-35.925-20.257-48.153l-0.012-0.012c-13.535-13.535-30.422-20.294-47.29-20.294-16.905 0-33.829 6.758-47.327 20.294-21.969 23.682-25.358 57.456-10.147 82.814l-162.257 162.257-30.422-30.422-82.795 82.795 30.403 30.422-165.627 165.646c-9.472-6.346-21.127-10.129-33.665-10.129-0.058 0-0.116 0-0.173 0l0.009-0c-16.887 0-33.811 6.74-47.29 20.275-12.518 12.242-20.279 29.302-20.279 48.175s7.761 35.933 20.267 48.162l0.012 0.012c13.517 11.804 30.403 18.6 47.29 18.6 16.905 0 33.829-6.758 47.327-20.294 21.969-21.969 25.339-55.78 10.128-82.795l128.447-128.465c-67.584 130.178-52.392 292.417 47.309 407.329l-30.422 32.116 84.527 82.795 82.814-82.795-82.814-82.814-28.746 28.746c-98.025-114.949-103.089-280.576-20.294-402.246l13.535 13.517 84.527-82.795-15.211-13.535c54.086-38.875 120.013-59.169 187.615-59.169 79.444 0 153.786 28.746 214.63 79.444l-30.422 28.746 84.527 82.814 82.795-82.814-82.795-84.545zM390.423 887.343l-35.486 35.486-35.505-35.486 35.505-35.505 35.486 35.505zM545.941 86.202c6.007-6.189 14.375-10.057 23.647-10.147l0.017-0c8.453 0 16.887 3.389 23.664 10.147 13.535 13.535 13.535 33.811 0 47.309-6.002 6.184-14.363 10.051-23.627 10.147l-0.018 0c-8.471 0-16.905-3.389-23.682-10.147-13.535-11.823-13.535-33.811 0-47.309zM91.285 635.494c-6.013 6.186-14.389 10.049-23.667 10.128l-0.015 0c-8.471 0-16.905-3.389-23.682-10.128-6.74-5.083-10.147-13.535-10.147-23.682 0-8.453 3.407-16.887 10.147-23.664 6.003-6.205 14.384-10.078 23.669-10.147l0.013-0c8.453 0 16.887 3.389 23.664 10.147 13.535 13.535 13.535 35.486 0 47.309v0.037zM317.757 397.182l-35.486-35.505 35.486-35.486 35.505 35.486-35.505 35.505zM845.098 432.668l-35.505-35.486 35.505-35.505 35.486 35.505-35.486 35.486z"
        ],
        "attrs": [
          {
            "fill": "rgb(0, 178, 160)"
          }
        ],
        "width": 931,
        "isMulticolor": false,
        "isMulticolor2": false,
        "grid": 0,
        "tags": [
          "shape"
        ],
        "colorPermutations": {
          "17816012552552551": [
            {
              "f": 0
            }
          ]
        }
      },
      "attrs": [
        {
          "fill": "rgb(0, 178, 160)"
        }
      ],
      "properties": {
        "order": 83,
        "id": 6,
        "name": "shape",
        "prevSize": 32
      },
      "setIdx": 0,
      "setId": 3,
      "iconIdx": 7
    },
    {
      "icon": {
        "paths": [
          "M11.184 392.031v229.757h98.485v196.929h32.808v-196.929h252.466l239.716 193.978v-623.576l-241.242 199.841h-382.213zM44.032 588.941v-164.081h131.273v164.081h-131.273zM414.359 417.31l187.452-155.327v484.995l-195.283-158.017h-198.435v-164.081h197.13l9.136-7.57zM861.766 221.104l-23.592 23.612c76.8 60.115 126.454 153.439 126.454 258.309 0 107.681-52.365 203.133-132.718 262.987l23.773 23.773c86.157-65.958 141.774-169.864 141.774-286.76 0-114.066-53.007-215.763-135.65-281.901h-0.020z",
          "M756.334 326.917l-23.873 23.853c50.658 32.025 84.49 88.345 84.49 152.596 0 67.062-36.844 125.571-91.297 156.692l23.913 23.913c60.115-37.747 100.232-104.408 100.232-180.605 0-0.040 0-0.088 0-0.136 0-73.020-36.738-137.46-92.739-175.843l-0.726-0.47h-0.020z"
        ],
        "attrs": [
          {
            "fill": "rgb(0, 178, 160)"
          },
          {
            "fill": "rgb(0, 178, 160)"
          }
        ],
        "width": 1004,
        "isMulticolor": false,
        "isMulticolor2": false,
        "grid": 0,
        "tags": [
          "speaker"
        ],
        "colorPermutations": {
          "17816012552552551": [
            {
              "f": 0
            },
            {
              "f": 0
            }
          ]
        }
      },
      "attrs": [
        {
          "fill": "rgb(0, 178, 160)"
        },
        {
          "fill": "rgb(0, 178, 160)"
        }
      ],
      "properties": {
        "order": 84,
        "id": 5,
        "name": "speaker",
        "prevSize": 32
      },
      "setIdx": 0,
      "setId": 3,
      "iconIdx": 8
    }
  ],
  "height": 1024,
  "preferences": {
    "showGlyphs": true,
    "showQuickUse": true,
    "showQuickUse2": true,
    "showSVGs": true,
    "fontPref": {
      "prefix": "_icon-",
      "metadata": {
        "fontFamily": "icons",
        "majorVersion": 1,
        "minorVersion": 0
      },
      "metrics": {
        "emSize": 1024,
        "baseline": 6.25,
        "whitespace": 50
      },
      "embed": false
    },
    "imagePref": {
      "prefix": "icon-",
      "png": true,
      "useClassSelector": true,
      "color": 0,
      "bgColor": 16777215,
      "classSelector": ".icon",
      "name": "icomoon",
      "height": 32,
      "columns": 16,
      "margin": 16
    },
    "historySize": 50,
    "showCodes": true,
    "gridSize": 16
  }
}